Title,URL,Published Date,Client,Scraped At
How to query a GraphQL API using Python and Flask,https://www.contentful.com/blog/python-graphql/,"July 31, 2025",Contentful,2025-08-06T21:52:14.113752
"Build a blog with Next.js, Tailwind CSS, and Contentful",https://www.contentful.com/blog/build-blog-next-js-tailwind-css-contentful/,"July 24, 2025",Contentful,2025-08-06T21:52:14.113752
Webpack alternatives: 5 top JavaScript bundlers,https://www.contentful.com/blog/webpack-alternatives-5-top-bundlers/,"July 21, 2025",Contentful,2025-08-06T21:52:14.113752
The ultimate guide to TypeScript utility types (with code examples),https://www.contentful.com/blog/guide-typescript-utility-types/,"July 14, 2025",Contentful,2025-08-06T21:52:14.113752
Best VS Code extensions for developer productivity,https://www.contentful.com/blog/best-vscode-extensions/,"July 10, 2025",Contentful,2025-08-06T21:52:14.113752
How to build an API with the best GraphQL performance,https://www.contentful.com/blog/graphql-performance/,"July 9, 2025",Contentful,2025-08-06T21:52:14.113752
"Next.js Middleware guide, tutorial, and code examples",https://www.contentful.com/blog/next-js-middleware/,"July 6, 2025",Contentful,2025-08-06T21:52:14.113752
How to render and edit Markdown in React with react-markdown,https://www.contentful.com/blog/react-markdown/,"July 3, 2025",Contentful,2025-08-06T21:52:14.113752
NestJS vs Next.js: The differences and when to use each framework,https://www.contentful.com/blog/nestjs-vs-nextjs/,"July 1, 2025",Contentful,2025-08-06T21:52:14.113752
What is HTMX? Tutorial and practical examples,https://www.contentful.com/blog/what-is-htmx/,"June 25, 2025",Contentful,2025-08-06T21:52:14.113752
AI Actions for SEO: Six of the best automation optimizations,https://www.contentful.com/blog/ai-actions-seo/,"June 24, 2025",Contentful,2025-08-06T21:52:14.113752
Introduction to Fastify: A practical guide to building Node.js web apps,https://www.contentful.com/blog/what-is-fastify/,"June 23, 2025",Contentful,2025-08-06T21:52:14.113752
How to implement Next.js pagination: step-by-step tutorial with code examples,https://www.contentful.com/blog/paginating-contentful-blogposts-with-nextjs-graphql-api/,"June 18, 2025",Contentful,2025-08-06T21:52:14.113752
Blazor vs. React: Choosing a frontend framework,https://www.contentful.com/blog/blazor-vs-react/,"June 16, 2025",Contentful,2025-08-06T21:52:14.113752
Why API-first is the key to fast development and scalable AI integration,https://www.contentful.com/blog/what-is-api-first/,"June 13, 2025",Contentful,2025-08-06T21:52:14.113752
FastAPI vs. Flask: Python web frameworks comparison and tutorial,https://www.contentful.com/blog/fastapi-vs-flask/,"June 12, 2025",Contentful,2025-08-06T21:52:14.113752
GitLab vs. GitHub: How are they different in 2025?,https://www.contentful.com/blog/gitlab-vs-github/,"June 11, 2025",Contentful,2025-08-06T21:52:14.113752
What is the MERN stack? A tutorial for modern web development,https://www.contentful.com/blog/mern-stack/,"May 25, 2025",Contentful,2025-08-06T21:52:14.113752
Ecommerce A/B testing: Step-by-step guide to get started,https://www.contentful.com/blog/e-commerce-ab-testing/,"May 22, 2025",Contentful,2025-08-06T21:52:14.113752
"WordPress to Contentful migration: Benefits, tips, and best practices",https://www.contentful.com/blog/wordpress-move-contentful-static-site/,"May 21, 2025",Contentful,2025-08-06T21:52:14.113752
Svelte tutorial: Building an app using Svelte 5,https://www.contentful.com/blog/svelte-tutorial/,"May 20, 2025",Contentful,2025-08-06T21:52:14.113752
Ulitmate starter guide to A/B testing with best practices,https://www.contentful.com/blog/ab-testing-guide/,"May 13, 2025",Contentful,2025-08-06T21:52:14.113752
React useState hook: Complete guide and tutorial,https://www.contentful.com/blog/react-usestate-hook/,"May 8, 2025",Contentful,2025-08-06T21:52:14.113752
What is an AVIF image? The AVIF image format explained,https://www.contentful.com/blog/load-avif-webp-using-html/,"May 7, 2025",Contentful,2025-08-06T21:52:14.113752
"What is structured data, and why do you need it for SEO?",https://www.contentful.com/blog/what-is-structured-data/,"April 28, 2025",Contentful,2025-08-06T21:52:14.113752
"TypeScript interfaces: How-to guide, best practices, and code examples",https://www.contentful.com/blog/typescript-interfaces/,"April 23, 2025",Contentful,2025-08-06T21:52:14.113752
Remix vs. Next.js: Which is the best React framework?,https://www.contentful.com/blog/remix-vs-nextjs/,"April 22, 2025",Contentful,2025-08-06T21:52:14.113752
Command line interface: A beginner's guide to what it is and how it works,https://www.contentful.com/blog/command-line-interfaces-explained/,"April 16, 2025",Contentful,2025-08-06T21:52:14.113752
Ecommerce replatforming: A guide to future-proofing online retail,https://www.contentful.com/blog/ecommerce-replatforming-guide/,"April 14, 2025",Contentful,2025-08-06T21:52:14.113752
Digital experimentation: How to transform digital content experiences,https://www.contentful.com/blog/transform-digital-experiences-through-experimentation/,"April 10, 2025",Contentful,2025-08-06T21:52:14.113752
The ultimate guide to CSS frameworks in 2025,https://www.contentful.com/blog/css-frameworks/,"April 9, 2025",Contentful,2025-08-06T21:52:14.113752
Headline testing: Create engaging headlines with A/B testing and generate more leads,https://www.contentful.com/blog/headline-testing-with-ab-testing/,"April 8, 2025",Contentful,2025-08-06T21:52:14.113752
Mastering GraphQL filters,https://www.contentful.com/blog/mastering-graphql-filters/,"April 7, 2025",Contentful,2025-08-06T21:52:14.113752
Headless architecture: Seven things to know,https://www.contentful.com/blog/headless-architecture-seven-things-to-know/,"March 27, 2025",Contentful,2025-08-06T21:52:14.113752
How to use webhooks in Contentful,https://www.contentful.com/blog/ultimate-guide-contentful-webhooks/,"March 26, 2025",Contentful,2025-08-06T21:52:14.113752
What is server-side rendering? A complete guide with code examples,https://www.contentful.com/blog/what-is-server-side-rendering/,"March 23, 2025",Contentful,2025-08-06T21:52:14.113752
All about Next.js ISR and how to implement it,https://www.contentful.com/blog/nextjs-isr/,"March 19, 2025",Contentful,2025-08-06T21:52:14.113752
Which is the best React rich text editor? Five options compared,https://www.contentful.com/blog/react-rich-text-editor/,"March 18, 2025",Contentful,2025-08-06T21:52:14.113752
How to increase conversion rates with A/B testing,https://www.contentful.com/blog/increase-conversion-rates-with-ab-testing/,"March 14, 2025",Contentful,2025-08-06T21:52:14.113752
React Server Components: Concepts and Patterns,https://www.contentful.com/blog/react-server-components-concepts-and-patterns/,"March 13, 2025",Contentful,2025-08-06T21:52:14.113752
Puppeteer vs. Playwright: Automated testing tools compared,https://www.contentful.com/blog/puppeteer-vs-playwright/,"March 12, 2025",Contentful,2025-08-06T21:52:14.113752
Next.js fonts: How to optimize Google fonts and custom fonts in your application,https://www.contentful.com/blog/next-js-fonts/,"March 7, 2025",Contentful,2025-08-06T21:52:14.113752
How to use PropTypes in React,https://www.contentful.com/blog/react-proptypes/,"March 3, 2025",Contentful,2025-08-06T21:52:14.113752
How to use GraphQL fragments to simplify and optimize GraphQL queries,https://www.contentful.com/blog/graphql-fragments/,"February 12, 2025",Contentful,2025-08-06T21:52:14.113752
"Monolithic vs. microservices architecture: The pros, cons, and everything else",https://www.contentful.com/blog/monolithic-vs-microservices/,"February 10, 2025",Contentful,2025-08-06T21:52:14.113752
Combining GraphQL multiple queries to boost performance,https://www.contentful.com/blog/graphql-multiple-queries/,"February 7, 2025",Contentful,2025-08-06T21:52:14.113752
Using React with Node.js,https://www.contentful.com/blog/react-node-js/,"February 6, 2025",Contentful,2025-08-06T21:52:14.113752
Everything you need to know about SDKs and APIs,https://www.contentful.com/blog/sdk-vs-api/,"February 4, 2025",Contentful,2025-08-06T21:52:14.113752
Next.js vs. React: The difference and which framework to choose,https://www.contentful.com/blog/next-js-vs-react/,"February 4, 2025",Contentful,2025-08-06T21:52:14.113752
Zod validation with React Hook Form,https://www.contentful.com/blog/react-hook-form-validation-zod/,"January 30, 2025",Contentful,2025-08-06T21:52:14.113752
Building an app? These are the best JavaScript frameworks in 2025,https://www.contentful.com/blog/best-javascript-frameworks/,"January 30, 2025",Contentful,2025-08-06T21:52:14.113752
A complete guide to TanStack Table (formerly React Table),https://www.contentful.com/blog/tanstack-table-react-table/,"January 27, 2025",Contentful,2025-08-06T21:52:14.113752
Mastering React routing: A guide to routing in React,https://www.contentful.com/blog/react-routing/,"January 20, 2025",Contentful,2025-08-06T21:52:14.113752
How to use the Next.js app directory: Complete guide and tutorial,https://www.contentful.com/blog/next-js-app-directory-guide-tutorial/,"January 17, 2025",Contentful,2025-08-06T21:52:14.113752
HTMX vs. React: Understanding their strengths and use cases,https://www.contentful.com/blog/htmx-react-use-cases/,"January 9, 2025",Contentful,2025-08-06T21:52:14.113752
Next.js authentication with Auth.js (formerly NextAuth) and Contentful,https://www.contentful.com/blog/nextjs-authentication/,"January 8, 2025",Contentful,2025-08-06T21:52:14.113752
GraphQL vs. REST: Exploring how they work,https://www.contentful.com/blog/graphql-vs-rest-exploring-how-they-work/,"December 19, 2024",Contentful,2025-08-06T21:52:14.113752
What is serverless architecture?,https://www.contentful.com/blog/what-is-serverless-architecture/,"December 11, 2024",Contentful,2025-08-06T21:52:14.113752
Rust and TypeScript: A comprehensive guide to their differences and integration,https://www.contentful.com/blog/rust-typescript-guide/,"December 4, 2024",Contentful,2025-08-06T21:52:14.113752
"Astro vs. Next.js: Features, performance, and use cases compared",https://www.contentful.com/blog/astro-next-js-compared/,"December 3, 2024",Contentful,2025-08-06T21:52:14.113752
Nuxt vs. Next.js: Two popular JavaScript frameworks compared,https://www.contentful.com/blog/nuxt-next-js-compared/,"November 29, 2024",Contentful,2025-08-06T21:52:14.113752
React localization/ internationalization with i18n,https://www.contentful.com/blog/react-localization-internationalization-i18n/,"November 27, 2024",Contentful,2025-08-06T21:52:14.113752
Create personalized landing pages in 60 seconds with Ninetailed,https://www.contentful.com/blog/ninetailed-personalized-landing-pages/,"November 25, 2024",Contentful,2025-08-06T21:52:14.113752
"How to build a product page with Commerce Layer, Cloudinary and Contentful",https://www.contentful.com/blog/product-page-commerce-layer-cloudinary/,"November 22, 2024",Contentful,2025-08-06T21:52:14.113752
4 best practices to ensure your JavaScript is SEO friendly,https://www.contentful.com/blog/javascript-seo-best-practices/,"November 11, 2024",Contentful,2025-08-06T21:52:14.113752
What is React memo? How to improve React performance,https://www.contentful.com/blog/react-memo-improve-performance/,"November 8, 2024",Contentful,2025-08-06T21:52:14.113752
GraphQL introspection queries: How to query and explore GraphQL APIs,https://www.contentful.com/blog/graphql-introspection-queries/,"November 7, 2024",Contentful,2025-08-06T21:52:14.113752
How to use SVG in React: 7 ways to import SVG images (with examples),https://www.contentful.com/blog/svg-react-import-images/,"October 31, 2024",Contentful,2025-08-06T21:52:14.113752
The ultimate guide to choosing a React component library,https://www.contentful.com/blog/ultimate-guide-react-component-library/,"October 30, 2024",Contentful,2025-08-06T21:52:14.113752
GraphQL pagination: Cursor and offset tutorials,https://www.contentful.com/blog/graphql-pagination-cursor-offset-tutorials/,"October 28, 2024",Contentful,2025-08-06T21:52:14.113752
Start a React app with Tailwind CSS in under 5 minutes,https://www.contentful.com/blog/react-app-tailwind-css/,"October 25, 2024",Contentful,2025-08-06T21:52:14.113752
TypeScript vs. JavaScript: Explaining the differences,https://www.contentful.com/blog/typescript-vs-javascript-explaining-the-differences/,"October 21, 2024",Contentful,2025-08-06T21:52:14.113752
Understanding front end as a service (FEaaS),https://www.contentful.com/blog/front-end-as-a-service-feaas/,"October 18, 2024",Contentful,2025-08-06T21:52:14.113752
Svelte vs. React: Choosing the best for features and performance,https://www.contentful.com/blog/svelte-vs-react/,"October 11, 2024",Contentful,2025-08-06T21:52:14.113752
What is content governance?,https://www.contentful.com/blog/what-is-content-governance/,"October 7, 2024",Contentful,2025-08-06T21:52:14.113752
"React vs. React Native: The difference, and which is best for you",https://www.contentful.com/blog/react-vs-react-native/,"October 2, 2024",Contentful,2025-08-06T21:52:14.113752
Effortless automatic content linking in Next.js using Content Source Maps,https://www.contentful.com/blog/automatic-content-linking-nextjs-content-source-maps/,"September 30, 2024",Contentful,2025-08-06T21:52:14.113752
What is Astro? A JS framework tour,https://www.contentful.com/blog/what-is-astro/,"September 27, 2024",Contentful,2025-08-06T21:52:14.113752
What is image tagging for SEO?,https://www.contentful.com/blog/what-is-image-tagging-for-seo/,"September 25, 2024",Contentful,2025-08-06T21:52:14.113752
React pagination tutorial: 4 ways with full code examples,https://www.contentful.com/blog/react-pagination/,"September 22, 2024",Contentful,2025-08-06T21:52:14.113752
How to create a Next.js redirect in 4 ways (with examples),https://www.contentful.com/blog/next-js-redirect/,"September 20, 2024",Contentful,2025-08-06T21:52:14.113752
Webhooks vs APIs: What's the difference?,https://www.contentful.com/blog/webhooks-vs-apis/,"September 18, 2024",Contentful,2025-08-06T21:52:14.113752
What is a framework in programming? All about software frameworks,https://www.contentful.com/blog/what-is-a-framework/,"August 29, 2024",Contentful,2025-08-06T21:52:14.113752
Tailwind vs. Bootstrap: Comparing CSS frameworks,https://www.contentful.com/blog/tailwind-bootstrap-comparing-css-frameworks/,"August 15, 2024",Contentful,2025-08-06T21:52:14.113752
How to optimize images with the Next.js Image Component,https://www.contentful.com/blog/nextjs-image-component/,"August 8, 2024",Contentful,2025-08-06T21:52:14.113752
Vue vs. React: Which JavaScript UI framework is best?,https://www.contentful.com/blog/vue-vs-react/,"July 18, 2024",Contentful,2025-08-06T21:52:14.113752
Prompt engineering: 10 tips for content editors using generative AI,https://www.contentful.com/blog/prompt-engineering-content-editors-generative-ai/,"July 16, 2024",Contentful,2025-08-06T21:52:14.113752
Migrating to Contentful from Wordpress is far easier than it may seem,https://www.contentful.com/blog/migrating-wordpress-contentful/,"July 10, 2024",Contentful,2025-08-06T21:52:14.113752
Integrating Contentful with Microsoft Teams using Adaptive Cards,https://www.contentful.com/blog/microsoft-teams-adaptive-cards-tutorial/,"July 5, 2024",Contentful,2025-08-06T21:52:14.113752
"How (and why) to use TypeScript with Svelte, with examples",https://www.contentful.com/blog/typescript-svelte-examples/,"July 2, 2024",Contentful,2025-08-06T21:52:14.113752
How to use TypeScript in your Next.js project,https://www.contentful.com/blog/typescript-nextjs/,"June 24, 2024",Contentful,2025-08-06T21:52:14.113752
What are vector databases and should you be using one?,https://www.contentful.com/blog/what-are-vector-databases/,"June 20, 2024",Contentful,2025-08-06T21:52:14.113752
Getting started with Contentful Studio and the Experiences SDK,https://www.contentful.com/blog/contentful-studio-experiences-sdk/,"May 29, 2024",Contentful,2025-08-06T21:52:14.113752
Design tokens explained (and how to build a design token system),https://www.contentful.com/blog/design-token-system/,"May 16, 2024",Contentful,2025-08-06T21:52:14.113752
How to use Yup validation for HTML forms in React,https://www.contentful.com/blog/yup-validate-forms-in-react/,"May 2, 2024",Contentful,2025-08-06T21:52:14.113752
React Suspense explained: How to use it for lazy loading and data fetching,https://www.contentful.com/blog/what-is-react-suspense/,"April 25, 2024",Contentful,2025-08-06T21:52:14.113752
Powering a Telegram channel using bots and webhooks,https://www.contentful.com/blog/telegram-webhooks-bots/,"April 11, 2024",Contentful,2025-08-06T21:52:14.113752
"GraphQL via HTTP in 7 ways: cURL, Python, PHP, JS, Ruby, Java, Postman",https://www.contentful.com/blog/graphql-via-http-in-five-ways/,"April 9, 2024",Contentful,2025-08-06T21:52:14.113752
Using ChatGPT to migrate articles from HTML to Contentful,https://www.contentful.com/blog/chatgpt-migrate-html-contentful/,"April 4, 2024",Contentful,2025-08-06T21:52:14.113752
Static vs. dynamic websites: Building the best website for your users,https://www.contentful.com/blog/static-vs-dynamic-websites/,"April 2, 2024",Contentful,2025-08-06T21:52:14.113752
What is a design system?,https://www.contentful.com/blog/design-system-explained/,"March 27, 2024",Contentful,2025-08-06T21:52:14.113752
How to use GraphQL variables to give queries type safety,https://www.contentful.com/blog/how-to-use-graphql-variables/,"March 25, 2024",Contentful,2025-08-06T21:52:14.113752
What is the global object in JavaScript? A practical guide for developers,https://www.contentful.com/blog/the-global-object-in-javascript/,"March 14, 2024",Contentful,2025-08-06T21:52:14.113752
Introduction to CSS animations,https://www.contentful.com/blog/css-animations-intro/,"March 12, 2024",Contentful,2025-08-06T21:52:14.113752
What is TypeScript and why should you use it?,https://www.contentful.com/blog/what-is-typescript-and-why-should-you-use-it/,"March 5, 2024",Contentful,2025-08-06T21:52:14.113752
Headless commerce explained,https://www.contentful.com/blog/headless-commerce-explained/,"February 21, 2024",Contentful,2025-08-06T21:52:14.113752
How to start automated browser testing with Playwright,https://www.contentful.com/blog/playwright-automated-browser-testing/,"February 20, 2024",Contentful,2025-08-06T21:52:14.113752
All about composable DXP: Bringing composable and digital experience platforms together,https://www.contentful.com/blog/what-is-composable-dxp/,"February 15, 2024",Contentful,2025-08-06T21:52:14.113752
What is a REST API?,https://www.contentful.com/blog/what-is-a-rest-api/,"February 13, 2024",Contentful,2025-08-06T21:52:14.113752
What is GraphQL? What a GraphQL API is and how to use it,https://www.contentful.com/blog/what-is-graphql/,"February 8, 2024",Contentful,2025-08-06T21:52:14.113752
Simple data visualization using Astro and Contentful,https://www.contentful.com/blog/data-visualization-astro-contentful/,"February 6, 2024",Contentful,2025-08-06T21:52:14.113752
Unity game development with Contentful,https://www.contentful.com/blog/unity-game-development-contentful/,"February 1, 2024",Contentful,2025-08-06T21:52:14.113752
What is an enterprise CMS?,https://www.contentful.com/blog/what-enterprise-cms/,"January 19, 2024",Contentful,2025-08-06T21:52:14.113752
Understanding federated GraphQL,https://www.contentful.com/blog/understanding-federated-graphql/,"January 17, 2024",Contentful,2025-08-06T21:52:14.113752
Modernize your web strategy and deliver customer-winning experiences,https://www.contentful.com/blog/modernize-web-strategy-customer-winning-experiences/,"January 11, 2024",Contentful,2025-08-06T21:52:14.113752
How to Integrate Contentful and Next.js App Router,https://www.contentful.com/blog/integrate-contentful-next-js-app-router/,"December 13, 2023",Contentful,2025-08-06T21:52:14.113752
Content operations: Getting started with a people-first approach,https://www.contentful.com/blog/what-is-content-operations/,"October 19, 2023",Contentful,2025-08-06T21:52:14.113752
CMS replatforming made easy with Contentful,https://www.contentful.com/blog/cms-replatforming-made-easy-with-contentful/,"September 26, 2023",Contentful,2025-08-06T21:52:14.113752
Guide to Integrating Algolia and Contentful with React JS,https://www.contentful.com/blog/integrating-algolia-contentful-react-js/,"August 31, 2023",Contentful,2025-08-06T21:52:14.113752
Understanding composability: Definitions and explanations,https://www.contentful.com/blog/what-is-composability/,"August 29, 2023",Contentful,2025-08-06T21:52:14.113752
Going beyond the basics with Contentful,https://www.contentful.com/blog/going-beyond-the-basics-with-contentful/,"August 3, 2023",Contentful,2025-08-06T21:52:14.113752
How to assess your composable architecture,https://www.contentful.com/blog/composable-architecture-performance/,"August 1, 2023",Contentful,2025-08-06T21:52:14.113752
Integrating Rich Text segments and microcopy from Contentful into your React app,https://www.contentful.com/blog/rich-text-segments-microcopy-react-app/,"July 27, 2023",Contentful,2025-08-06T21:52:14.113752
How to build an ecommerce website: Resources to get you started,https://www.contentful.com/blog/how-to-build-an-ecommerce-website-resources-to-get-you-started/,"July 7, 2023",Contentful,2025-08-06T21:52:14.113752
What are the benefits of a headless CMS versus a traditional CMS?,https://www.contentful.com/blog/headless-cms-benefits-versus-traditional-cms/,"June 22, 2023",Contentful,2025-08-06T21:52:14.113752
5 steps to elevate your Contentful and Next.js workflow with live preview,https://www.contentful.com/blog/elevate-your-contentful-and-next-js-workflow-with-live-preview/,"June 6, 2023",Contentful,2025-08-06T21:52:14.113752
Migrating to Contentful: Plan and implement with confidence,https://www.contentful.com/blog/migrating-to-contentful-plan-and-implement-with-confidence/,"May 2, 2023",Contentful,2025-08-06T21:52:14.113752
Content modeling: Lessons learned from David Hasselhoff and Baywatch Nights,https://www.contentful.com/blog/content-modeling-david-hasselhoff-baywatch-nights/,"April 25, 2023",Contentful,2025-08-06T21:52:14.113752
What is low-code?,https://www.contentful.com/blog/what-is-low-code/,"April 10, 2023",Contentful,2025-08-06T21:52:14.113752
Redux tutorial with Contentful,https://www.contentful.com/blog/redux-tutorial/,"April 7, 2023",Contentful,2025-08-06T21:52:14.113752
How to add real-world Contentful data into your Figma designs,https://www.contentful.com/blog/add-real-world-contentful-data-to-figma-designs/,"March 2, 2023",Contentful,2025-08-06T21:52:14.113752
How to store users with NextAuth (aka Auth) in Contentful,https://www.contentful.com/blog/how-to-store-users-with-nextauth-aka-auth/,"February 28, 2023",Contentful,2025-08-06T21:52:14.113752
Three ways to integrate video with Contentful,https://www.contentful.com/blog/integrate-video-with-contentful/,"February 23, 2023",Contentful,2025-08-06T21:52:14.113752
What's a static website?,https://www.contentful.com/blog/what-is-a-static-website/,"February 21, 2023",Contentful,2025-08-06T21:52:14.113752
Contentful makes smart speakers even smarter,https://www.contentful.com/blog/contentful-makes-smart-speakers-even-smarter/,"January 17, 2023",Contentful,2025-08-06T21:52:14.113752
Building a custom Contentful app for the Last.fm API,https://www.contentful.com/blog/build-custom-contentful-app-last-fm-api/,"December 21, 2022",Contentful,2025-08-06T21:52:14.113752
GraphQL tools for getting started with Contentful,https://www.contentful.com/blog/graphql-tools-for-getting-started-with-contentful/,"December 20, 2022",Contentful,2025-08-06T21:52:14.113752
Developer Showcase Spotlight: How to build a user-friendly image hotspot configurator,https://www.contentful.com/blog/building-a-user-friendly-image-hotspot-configurator/,"December 14, 2022",Contentful,2025-08-06T21:52:14.113752
How to put your Webpack bundle on a diet,https://www.contentful.com/blog/putting-your-webpack-bundle-on-a-diet/,"December 7, 2022",Contentful,2025-08-06T21:52:14.113752
Developer Showcase Spotlight: Dynamic pages with Contentful and Middleman static site generator,https://www.contentful.com/blog/dynamic-pages-contentful-middleman-static-site-generator/,"December 6, 2022",Contentful,2025-08-06T21:52:14.113752
How to build a CMS using JavaScript with Contentful,https://www.contentful.com/blog/how-to-build-a-cms-using-javascript-with-contentful/,"November 29, 2022",Contentful,2025-08-06T21:52:14.113752
Deserializing JSON in Swift 5 and Contentful,https://www.contentful.com/blog/deserializing-json-in-swift-5-and-contentful/,"November 24, 2022",Contentful,2025-08-06T21:52:14.113752
"Develop, edit, and deploy websites entirely in the cloud with CodeSandbox, Contentful, and Netlify",https://www.contentful.com/blog/developing-website-cloud-codesandbox-netlify/,"November 17, 2022",Contentful,2025-08-06T21:52:14.113752
"Create a bot with RSS and webhooks for Mastodon, a Twitter alternative",https://www.contentful.com/blog/create-bot-rss-webhooks-mastodon-twitter-alternative/,"November 16, 2022",Contentful,2025-08-06T21:52:14.113752
Increase application performance and reduce latency with Lambda@Edge,https://www.contentful.com/blog/increase-application-performance-and-reduce-latency-with-lambda-edge/,"October 19, 2022",Contentful,2025-08-06T21:52:14.113752
Developer Showcase Spotlight: Deploying flexible data structures with Contentful and TypeScript,https://www.contentful.com/blog/deploying-flexible-data-structures-with-contentful-and-typescript/,"October 18, 2022",Contentful,2025-08-06T21:52:14.113752
Airtable automation: How I streamlined submissions to the Developer Showcase,https://www.contentful.com/blog/airtable-automation-developer-showcase-submissions/,"October 13, 2022",Contentful,2025-08-06T21:52:14.113752
8 tips for better content localization,https://www.contentful.com/blog/8-tips-for-better-content-localization/,"October 4, 2022",Contentful,2025-08-06T21:52:14.113752
Developer Showcase Spotlight: Low-code examples of building blogs,https://www.contentful.com/blog/developer-showcase-low-code-examples-blog/,"September 27, 2022",Contentful,2025-08-06T21:52:14.113752
Contentful Professional Services: Guidance for scalable implementations,https://www.contentful.com/blog/professional-services-guidance-for-scalable-implementations/,"September 22, 2022",Contentful,2025-08-06T21:52:14.113752
"Always look your best: WebP, source sets, and the Contentful Images API",https://www.contentful.com/blog/always-look-your-best-webp-source-sets-and-the-contentful-images-api/,"September 20, 2022",Contentful,2025-08-06T21:52:14.113752
Ruby on Rails tutorial: Getting started with Contentful,https://www.contentful.com/blog/ruby-on-rails-tutorial/,"September 8, 2022",Contentful,2025-08-06T21:52:14.113752
How to get started using Angular with Contentful,https://www.contentful.com/blog/how-to-get-started-using-angular-with-contentful/,"September 1, 2022",Contentful,2025-08-06T21:52:14.113752
A hands-on tutorial for using Contentful with Vue,https://www.contentful.com/blog/vue-tutorial/,"August 18, 2022",Contentful,2025-08-06T21:52:14.113752
Contentful launches two more hands-on courses for developers,https://www.contentful.com/blog/contentful-launches-two-more-hands-on-courses-for-developers/,"August 2, 2022",Contentful,2025-08-06T21:52:14.113752
Developer Showcase Spotlight: Gatsby Bricks for LEGO builders,https://www.contentful.com/blog/spotlight-gatsby-bricks-for-lego-builders/,"July 21, 2022",Contentful,2025-08-06T21:52:14.113752
Content migration from Drupal 7 to Contentful: A step-by-step guide,https://www.contentful.com/blog/content-migration-from-drupal-7-to-contentful/,"July 19, 2022",Contentful,2025-08-06T21:52:14.113752
Create a composable commerce site with Contentful and Medusa,https://www.contentful.com/blog/create-a-composable-commerce-site-with-contentful-and-medusa/,"July 7, 2022",Contentful,2025-08-06T21:52:14.113752
Building Rise of the Robots with Gatsby and Contentful,https://www.contentful.com/blog/building-rise-of-the-robots-with-gatsby-and-contentful/,"July 5, 2022",Contentful,2025-08-06T21:52:14.113752
How meta tagging benefits SEO,https://www.contentful.com/blog/meta-tagging-for-seo/,"June 30, 2022",Contentful,2025-08-06T21:52:14.113752
Build custom apps with the Contentful App Framework,https://www.contentful.com/blog/build-custom-apps-with-the-contentful-app-framework/,"June 20, 2022",Contentful,2025-08-06T21:52:14.113752
Level up your headless SEO with a composable URL redirect,https://www.contentful.com/blog/headless-seo-composable-url-redirect/,"June 14, 2022",Contentful,2025-08-06T21:52:14.113752
Simplify image workflow and optimize visual experiences with imgix and Contentful,https://www.contentful.com/blog/simplify-image-workflow-optimize-visual-experiences-imgix/,"June 2, 2022",Contentful,2025-08-06T21:52:14.113752
Choosing the best CMS for your Gatsby project,https://www.contentful.com/blog/the-best-cms-for-your-gatsby-project/,"May 31, 2022",Contentful,2025-08-06T21:52:14.113752
Blog final final final: My journey that led me to Contentful,https://www.contentful.com/blog/my-blogging-journey-contentful/,"May 17, 2022",Contentful,2025-08-06T21:52:14.113752
How to create a digital lookbook,https://www.contentful.com/blog/how-to-create-digital-lookbook/,"May 5, 2022",Contentful,2025-08-06T21:52:14.113752
New to Contentful? Start building today with new hands-on courses for developers,https://www.contentful.com/blog/developer-learning-path/,"April 7, 2022",Contentful,2025-08-06T21:52:14.113752
How to generate unlimited CDN-cached pages with Netlify and Contentful,https://www.contentful.com/blog/generate-unlimited-cdn-cached-pages-with-netlify/,"April 5, 2022",Contentful,2025-08-06T21:52:14.113752
A galactic guide to building a blog with Next.js and Contentful,https://www.contentful.com/blog/building-blog-with-nextjs-and-contentful/,"March 24, 2022",Contentful,2025-08-06T21:52:14.113752
How to manage your March Madness fantasy league with Contentful,https://www.contentful.com/blog/apps-of-march-basketball-draft-picks/,"March 10, 2022",Contentful,2025-08-06T21:52:14.113752
Lessons learned while maintaining Contentful's design system,https://www.contentful.com/blog/lessons-maintaining-forma36-system/,"February 22, 2022",Contentful,2025-08-06T21:52:14.113752
Forma 36 v4 is in GA and ready for building,https://www.contentful.com/blog/forma36-v4/,"January 11, 2022",Contentful,2025-08-06T21:52:14.113752
"GraphQL, search engines and more: Our top posts in 2021",https://www.contentful.com/blog/our-top-10-blog-posts-2021/,"December 30, 2021",Contentful,2025-08-06T21:52:14.113752
Creating a Secure Media CDN with CloudFront and Lambda@Edge (Part IV),https://www.contentful.com/blog/creating-secure-cdn-part4/,"December 15, 2021",Contentful,2025-08-06T21:52:14.113752
Creating a Secure Media CDN with CloudFront and Lambda@Edge (Part III),https://www.contentful.com/blog/creating-secure-cdn-part3/,"November 25, 2021",Contentful,2025-08-06T21:52:14.113752
Creating a Secure Media CDN with CloudFront and Lambda@Edge (Part II),https://www.contentful.com/blog/secure-media-cdn-lambda-cloudfront-two/,"November 12, 2021",Contentful,2025-08-06T21:52:14.113752
Creating a Secure Media CDN with CloudFront and Lambda@Edge,https://www.contentful.com/blog/secure-media-cdn-cloudfront-lambdaedge/,"October 27, 2021",Contentful,2025-08-06T21:52:14.113752
Integrating Contentful with LivePerson knowledge bases,https://www.contentful.com/blog/integrating-contentful-liveperson-knowledgebase/,"October 20, 2021",Contentful,2025-08-06T21:52:14.113752
"App sharing links, GraphQL introspection and the Fast Forward program",https://www.contentful.com/blog/developer-newsletter-october-2021/,"October 12, 2021",Contentful,2025-08-06T21:52:14.113752
How to optimize images for websites (with or without Contentful’s Images API),https://www.contentful.com/blog/how-to-optimize-images-for-web-sites/,"September 23, 2021",Contentful,2025-08-06T21:52:14.113752
How to build a personalized image social sharing app with Cloudinary and Next.js,https://www.contentful.com/blog/personalized-image-social-sharing-with-cloudinary-nextjs/,"September 8, 2021",Contentful,2025-08-06T21:52:14.113752
"Community updates, default values and new webhooks",https://www.contentful.com/blog/community-updates-default-values-newebhooks/,"September 7, 2021",Contentful,2025-08-06T21:52:14.113752
How to build a project using Vue.js and Contentful,https://www.contentful.com/blog/build-using-vue-and-contentful/,"August 26, 2021",Contentful,2025-08-06T21:52:14.113752
Automated migrations with periodic metric checks,https://www.contentful.com/blog/automated-migrations-periodic-metric-checks/,"August 5, 2021",Contentful,2025-08-06T21:52:14.113752
Scrum: failing faster to succeed sooner,https://www.contentful.com/blog/how-to-apply-scrum/,"July 26, 2021",Contentful,2025-08-06T21:52:14.113752
How to add Algolia InstantSearch to your Next.js application,https://www.contentful.com/blog/add-algolia-instantsearch-to-nextjs-app/,"July 2, 2021",Contentful,2025-08-06T21:52:14.113752
App hosting with the Contentful App Framework,https://www.contentful.com/blog/app-hosting-contentful-app-framework/,"June 23, 2021",Contentful,2025-08-06T21:52:14.113752
GraphQL filter for filtering entries by linked references,https://www.contentful.com/blog/filter-entries-by-linked-references-in-graphql-api/,"June 15, 2021",Contentful,2025-08-06T21:52:14.113752
Rich Text field tips and tricks from the Contentful DevRel team,https://www.contentful.com/blog/rich-text-field-tips-and-tricks/,"May 27, 2021",Contentful,2025-08-06T21:52:14.113752
"Developer newsletter: Rich Text rendering, a new Next.js course and tags for GraphQL",https://www.contentful.com/blog/developer-newsletter-may-2021/,"May 11, 2021",Contentful,2025-08-06T21:52:14.113752
How to find a long-term delivery partner,https://www.contentful.com/blog/how-to-find-a-long-term-delivery-partner/,"April 30, 2021",Contentful,2025-08-06T21:52:14.113752
How to build a multi-location app for the Open Graph protocol,https://www.contentful.com/blog/build-multi-location-app-open-graph-protocol/,"April 27, 2021",Contentful,2025-08-06T21:52:14.113752
Custom reference field apps in the Contentful App Framework,https://www.contentful.com/blog/app-framework-tutorial-custom-reference-app/,"April 22, 2021",Contentful,2025-08-06T21:52:14.113752
Authorized personnel only: Restricting access to assets with signed URLs,https://www.contentful.com/blog/authorized-personnel-only-embargoed-assets/,"April 15, 2021",Contentful,2025-08-06T21:52:14.113752
Rendering linked assets and entries in the Contentful Rich Text field,https://www.contentful.com/blog/rendering-linked-assets-entries-in-contentful/,"April 14, 2021",Contentful,2025-08-06T21:52:14.113752
Exploring linked entries and assets in Contentful with JavaScript via REST and GraphQL,https://www.contentful.com/blog/exploring-linked-entries-assets-contentful/,"April 14, 2021",Contentful,2025-08-06T21:52:14.113752
Understanding meta tagging and how it can benefit you,https://www.contentful.com/blog/governance-tagging-metadata/,"April 8, 2021",Contentful,2025-08-06T21:52:14.113752
Announcing the Repeater app — and how I used the App Framework and Forma 36 to build it,https://www.contentful.com/blog/announcing-repeater-app/,"April 1, 2021",Contentful,2025-08-06T21:52:14.113752
Three ways to use Puppeteer and Node.js to screenshot web pages and generate dynamic Open Graph images,https://www.contentful.com/blog/puppeteer-node-open-graph-screenshot-for-socials/,"March 17, 2021",Contentful,2025-08-06T21:52:14.113752
"Showcasing the Contentful blog with E-Ink, CircuitPython and IoT",https://www.contentful.com/blog/contentful-blog-elink-curcuitpython-iot/,"March 8, 2021",Contentful,2025-08-06T21:52:14.113752
How to generate an RSS feed for your blog with JavaScript and Netlify functions,https://www.contentful.com/blog/generate-blog-rss-feed-with-javascript-and-netlify/,"March 5, 2021",Contentful,2025-08-06T21:52:14.113752
"How to build a lightweight microblogging site with Contentful, HTML, CSS and JavaScript",https://www.contentful.com/blog/how-to-build-a-lightweight-blog/,"February 5, 2021",Contentful,2025-08-06T21:52:14.113752
Three new Contentful GraphQL features to make your life easier,https://www.contentful.com/blog/three-new-graphql-features-2020/,"December 3, 2020",Contentful,2025-08-06T21:52:14.113752
Five reasons migrating your UI extension to an app will save you headaches,https://www.contentful.com/blog/five-reasons-to-migrate-ui-extensions-into-apps/,"November 30, 2020",Contentful,2025-08-06T21:52:14.113752
Ways to manage URL redirects in Contentful applications to keep your links live,https://www.contentful.com/blog/managing-url-redirects-contentful-apps-keep-links-live/,"November 25, 2020",Contentful,2025-08-06T21:52:14.113752
Open-sourcing kube-secret-syncer: A Kubernetes operator to sync secrets from AWS Secrets Manager,https://www.contentful.com/blog/open-source-kube-secret-syncer/,"October 20, 2020",Contentful,2025-08-06T21:52:14.113752
WYSIWYG who? Structured content is an editor’s best friend,https://www.contentful.com/blog/wysiwig-who-structured-content-editor-best-friend/,"October 8, 2020",Contentful,2025-08-06T21:52:14.113752
Combining Contentful GraphQL and Postgres via Hasura,https://www.contentful.com/blog/combining-contentful-graphql-postgres-hasura/,"September 17, 2020",Contentful,2025-08-06T21:52:14.113752
Getting started with Contentful and GraphQL,https://www.contentful.com/blog/getting-started-with-contentful-and-graphql/,"September 16, 2020",Contentful,2025-08-06T21:52:14.113752
How to build chatbots with Contentful and Azure functions,https://www.contentful.com/blog/powering-chatbots-with-contentful/,"August 26, 2020",Contentful,2025-08-06T21:52:14.113752
What's your query? Learn GraphQL with React and Contentful,https://www.contentful.com/blog/whats-your-query-learn-graphql-with-react-and-contentful/,"August 3, 2020",Contentful,2025-08-06T21:52:14.113752
Integrating Contentful with Eleventy to create static sites,https://www.contentful.com/blog/integrating-contentful-with-eleventy-create-static-sites/,"July 28, 2020",Contentful,2025-08-06T21:52:14.113752
A creator's guide to image file formats — and why they're important,https://www.contentful.com/blog/creator-guide-to-image-file-formats-and-why-they-are-important/,"July 20, 2020",Contentful,2025-08-06T21:52:14.113752
SEO rendering: Will search engines index my content?,https://www.contentful.com/blog/will-search-engines-index-my-content-its-all-in-the-rendering/,"June 30, 2020",Contentful,2025-08-06T21:52:14.113752
Defensive design and content model validation,https://www.contentful.com/blog/defensive-design-and-content-model-validation/,"June 24, 2020",Contentful,2025-08-06T21:52:14.113752
Apps and open source: A guide to making Contentful truly yours,https://www.contentful.com/blog/apps-and-open-source-guide-to-making-contentful-truly-yours/,"June 23, 2020",Contentful,2025-08-06T21:52:14.113752
"A beginner's guide to building a static site with Contentful, according to an artist",https://www.contentful.com/blog/build-a-static-site-with-contentful-artist/,"June 10, 2020",Contentful,2025-08-06T21:52:14.113752
Running static site builds with GitHub Actions and Contentful,https://www.contentful.com/blog/running-static-site-builds-with-github-actions-and-contentful/,"June 1, 2020",Contentful,2025-08-06T21:52:14.113752
What is Markdown? A beginner’s guide to Markdown and Rich Text Format,https://www.contentful.com/blog/beginners-guide-to-contentful-text-types-markdown-richtext/,"May 25, 2020",Contentful,2025-08-06T21:52:14.113752
Getting the App Framework off the ground: a product and engineering log,https://www.contentful.com/blog/getting-app-framework-off-the-ground/,"March 30, 2020",Contentful,2025-08-06T21:52:14.113752
How to write URLs properly and add value to your site,https://www.contentful.com/blog/urls-can-make-you-famous/,"January 21, 2020",Contentful,2025-08-06T21:52:14.113752
Keep your deployments on track: Contentful now has seamless promotion and rollbacks,https://www.contentful.com/blog/deployments-on-track-seamless-promotion-rollbacks/,"January 14, 2020",Contentful,2025-08-06T21:52:14.113752
Creating greater reliability: CoreDNS-nodecache,https://www.contentful.com/blog/coredns-nodecache-blog/,"January 7, 2020",Contentful,2025-08-06T21:52:14.113752
Everything you need to know about GraphQL,https://www.contentful.com/blog/everything-you-wanted-to-know-about-graphql/,"June 19, 2019",Contentful,2025-08-06T21:52:14.113752
Configuring automatic backups for Contentful,https://www.contentful.com/blog/configuring-automatic-backups-for-contentful/,"May 15, 2019",Contentful,2025-08-06T21:52:14.113752
How to create an SEO blog using Nuxt.js and Contentful,https://www.contentful.com/blog/nuxtjs-contentful-seo-blog/,"April 5, 2019",Contentful,2025-08-06T21:52:14.113752
Implementing GraphQL with a REST API,https://www.contentful.com/blog/implementing-graphql-rest-api/,"March 13, 2019",Contentful,2025-08-06T21:52:14.113752
10 principles to building interfaces users will love,https://www.contentful.com/blog/10-principles-building-interfaces-design/,"March 5, 2019",Contentful,2025-08-06T21:52:14.113752
GraphQL schema stitching to combine APIs: Part 2,https://www.contentful.com/blog/combining-apis-graphql-schema-stitching-part-2/,"January 30, 2019",Contentful,2025-08-06T21:52:14.113752
GraphQL schema stitching to combine APIs: Part 1,https://www.contentful.com/blog/combining-apis-graphql-schema-stitching-part-1/,"January 23, 2019",Contentful,2025-08-06T21:52:14.113752
The big role of GraphQL in domain driven design for architecture in digital transformation,https://www.contentful.com/blog/role-domain-driven-architecture-graphql-digital-transformation/,"December 27, 2018",Contentful,2025-08-06T21:52:14.113752
GraphQL dynamic schema generation for changing data models,https://www.contentful.com/blog/dynamic-schema-generation-changing-data-models/,"December 21, 2018",Contentful,2025-08-06T21:52:14.113752
A loosely-coupled approach to creating MailChimp campaigns with Contentful webhooks,https://www.contentful.com/blog/mailchimp-campaign-contentful-webhooks-loose-coupling/,"November 30, 2018",Contentful,2025-08-06T21:52:14.113752
How to set up and use Contentful's Ruby GraphQL client,https://www.contentful.com/blog/graphql-ruby-love-backend-developer/,"November 20, 2018",Contentful,2025-08-06T21:52:14.113752
How to automatically watermark Contentful assets using a serverless function,https://www.contentful.com/blog/how-automatically-watermark-contentful-assets-using-serverless-function-jimp/,"November 8, 2018",Contentful,2025-08-06T21:52:14.113752
"How to build an ecommerce static site with Jekyll, Contentful, and Commerce Layer",https://www.contentful.com/blog/how-build-static-site-ecommerce-jekyll-contentful-commerce-layer/,"November 7, 2018",Contentful,2025-08-06T21:52:14.113752
3 methods to resolve GraphQL endpoints,https://www.contentful.com/blog/3-methods-resolve-graphql-endpoints/,"September 25, 2018",Contentful,2025-08-06T21:52:14.113752
A picky developer's take on PHP static site generators: Jigsaw,https://www.contentful.com/blog/extremely-picky-developers-take-php-static-site-generators-part-2-jigsaw/,"August 1, 2018",Contentful,2025-08-06T21:52:14.113752
Making the most of Marketo with UI extensions and Lambda functions,https://www.contentful.com/blog/customize-integrate-marketo-forms-ui-extensions-lambda/,"July 20, 2018",Contentful,2025-08-06T21:52:14.113752
The understated innovation of static site generators,https://www.contentful.com/blog/understated-potential-static-site-generators/,"July 17, 2018",Contentful,2025-08-06T21:52:14.113752
How ASTs power the GraphQL schema handling,https://www.contentful.com/blog/graphql-abstract-syntax-tree-new-schema/,"July 4, 2018",Contentful,2025-08-06T21:52:14.113752
Creating classes from your content model,https://www.contentful.com/blog/tool-creating-classes-content-model/,"June 27, 2018",Contentful,2025-08-06T21:52:14.113752
Running a serverless voter campaign with Contentful and Twilio,https://www.contentful.com/blog/serverless-voter-campaign-contentful-and-twilio/,"May 18, 2018",Contentful,2025-08-06T21:52:14.113752
Faster static site builds Part 1- Process only what you need,https://www.contentful.com/blog/faster-static-site-builds-part-one-process-only-what-you-need/,"May 17, 2018",Contentful,2025-08-06T21:52:14.113752
"Build a portfolio site with Contentful, Next.js and Netlify",https://www.contentful.com/blog/building-portfolio-website-contentful-nextjs-netlify/,"May 9, 2018",Contentful,2025-08-06T21:52:14.113752
Graphviz example: How to visualize structured content,https://www.contentful.com/blog/using-graphviz-to-visualize-structured-content-from-contentful-spaces/,"May 4, 2018",Contentful,2025-08-06T21:52:14.113752
One to Zero: How to build a static website using a zero configuration toolkit,https://www.contentful.com/blog/how-build-static-website-zero-configuration-toolkit/,"April 20, 2018",Contentful,2025-08-06T21:52:14.113752
Dynamic static sites - Implementing an oxymoron,https://www.contentful.com/blog/dynamic-static-sites-implementing-an-oxymoron/,"April 13, 2018",Contentful,2025-08-06T21:52:14.113752
How to use serverless as cronjobs to keep your Personal Access Tokens secure,https://www.contentful.com/blog/how-to-use-serverless-as-cronjobs-to-keep-your-personal-access-tokens-secure/,"April 12, 2018",Contentful,2025-08-06T21:52:14.113752
The future of generating a static website is JavaScript,https://www.contentful.com/blog/new-era-static-sites-rise-future/,"April 11, 2018",Contentful,2025-08-06T21:52:14.113752
Sailing into Infinity: Seamlessly managed serverless containers using Kubernetes and AWS Fargate,https://www.contentful.com/blog/sailing-into-infinity-seamlessly-managed-serverless-containers-using-kubernetes-and-aws-fargate/,"April 10, 2018",Contentful,2025-08-06T21:52:14.113752
A picky developer's take on PHP static site generators: Sculpin,https://www.contentful.com/blog/an-extremely-picky-developers-take-on-php-static-site-generators-part-1-sculpin/,"April 4, 2018",Contentful,2025-08-06T21:52:14.113752
"Bringing Tokusatsu to AWS using Python flask, Zappa and Contentful",https://www.contentful.com/blog/bringing-tokusatsu-to-aws-using-python-flask-zappa-and-contentful/,"March 7, 2018",Contentful,2025-08-06T21:52:14.113752
Patience and the right tools — the developer's guide to content modeling,https://www.contentful.com/blog/patience-and-the-right-tools-how-i-approach-content-modeling/,"March 2, 2018",Contentful,2025-08-06T21:52:14.113752
Write reusable sane API-based Contentful components using the Render Props pattern,https://www.contentful.com/blog/how-to-write-reusable-sane-api-based-components/,"January 23, 2018",Contentful,2025-08-06T21:52:14.113752
ARrrrg! How pirates boarded the Google AR Android Demo Application,https://www.contentful.com/blog/pirates-android-application/,"January 3, 2018",Contentful,2025-08-06T21:52:14.113752
How to treat your content model as code using .NET and Contentful,https://www.contentful.com/blog/how-you-can-treat-your-content-model-as-code-with-net/,"November 14, 2017",Contentful,2025-08-06T21:52:14.113752
Creating UI extensions with Contentful,https://www.contentful.com/blog/creating-ui-extensions-with-contentful/,"October 9, 2017",Contentful,2025-08-06T21:52:14.113752
The right way to migrate your content using the Contentful Migration CLI,https://www.contentful.com/blog/using-the-contentful-migration-cli/,"September 18, 2017",Contentful,2025-08-06T21:52:14.113752
From the community: visualize your content model,https://www.contentful.com/blog/how-to-quickly-visualize-your-content-model/,"August 8, 2017",Contentful,2025-08-06T21:52:14.113752
ES6 browser support: is it time to rethink bundling?,https://www.contentful.com/blog/es6-modules-support-lands-in-browsers-is-it-time-to-rethink-bundling/,"April 4, 2017",Contentful,2025-08-06T21:52:14.113752
How to quickly access API responses with curl and jq,https://www.contentful.com/blog/how-to-quick-access-api-responses-with-curl-and-jq/,"March 20, 2017",Contentful,2025-08-06T21:52:14.113752
Snake Charmer’s Secret: Metaprogramming the Python SDK,https://www.contentful.com/blog/snake-charmers-secret-metaprogramming-the-python-sdk/,"March 17, 2017",Contentful,2025-08-06T21:52:14.113752
Emoji.prototype.length — a tale of characters in Unicode,https://www.contentful.com/blog/unicode-javascript-and-the-emoji-family/,"December 6, 2016",Contentful,2025-08-06T21:52:14.113752
"Node.js v7: URLs, deprecation warnings and a better developer experience",https://www.contentful.com/blog/node-v7-urls-deprecations-warnings-and-developer-experience/,"November 2, 2016",Contentful,2025-08-06T21:52:14.113752
Optimizing multi-module setup behind fat Node.js projects,https://www.contentful.com/blog/gitify-dependencies/,"July 7, 2016",Contentful,2025-08-06T21:52:14.113752
Building static sites with Contentful and Ruby,https://www.contentful.com/blog/contentful-ruby-static-sites/,"June 7, 2016",Contentful,2025-08-06T21:52:14.113752
A message from space: create Bundled Notifications for Android N,https://www.contentful.com/blog/android-bundled-notifications/,"May 17, 2016",Contentful,2025-08-06T21:52:14.113752
DevOps gold nuggets: scaling down gracefully with AWS Lambda and HAProxy,https://www.contentful.com/blog/aws-lambda-haproxy-scaling-down/,"April 27, 2016",Contentful,2025-08-06T21:52:14.113752
Dynamic product management in a static e-commerce workflow,https://www.contentful.com/blog/snipcart-middleman-contentful/,"February 10, 2016",Contentful,2025-08-06T21:52:14.113752
ContentfulModel and ContentfulRails Ruby gems help building Ruby apps faster,https://www.contentful.com/blog/contentfulmodel-and-contentfulrails-ruby-gems-help-building-ruby-apps-faster/,"February 23, 2015",Contentful,2025-08-06T21:52:14.113752
Using Core Data with Swift,https://www.contentful.com/blog/using-core-data-with-swift/,"February 20, 2015",Contentful,2025-08-06T21:52:14.113752
Android MultiDex: Solutions to the 64K methods limit,https://www.contentful.com/blog/android-and-the-dex-64k-methods-limit/,"October 29, 2014",Contentful,2025-08-06T21:52:14.113752
Contentful integrations: static site generation with Metalsmith,https://www.contentful.com/blog/contentful-metalsmith-integration/,"July 17, 2014",Contentful,2025-08-06T21:52:14.113752
Untitled,https://www.appsmith.com/blog/spicy-takes-on-ai-thor-eleven-labs,,Appsmith,2025-08-06T21:52:14.113752
From Months to Minutes: Scaling SaaS Integrations with a Config-Driven Gateway,https://www.appsmith.com/blog/scalable-saas-integrations,,Appsmith,2025-08-06T21:52:14.113752
Appsmith Launch Week: Hammering Your Apps Into Peak Performance,https://www.appsmith.com/blog/appsmith-forge-launch-week,,Appsmith,2025-08-06T21:52:14.113752
Human-in-the-loop AI (HITL): AI With Oversight for Customer Teams,https://www.appsmith.com/blog/human-in-the-loop-ai-hitl-ai-with-oversight-for-customer-teams,,Appsmith,2025-08-06T21:52:14.113752
Prompt Engineering Basics: A Guide to Working with AI for Customer Teams,https://www.appsmith.com/blog/prompt-engineering-basics,,Appsmith,2025-08-06T21:52:14.113752
Dive into Appsmith Agents 🤿 Now Available!,https://www.appsmith.com/blog/appsmith-news-april-2025,,Appsmith,2025-08-06T21:52:14.113752
AI Agents vs. AI Assistants: What’s the Difference?,https://www.appsmith.com/blog/ai-agents-vs-assistants,,Appsmith,2025-08-06T21:52:14.113752
Appsmith Agents 🤖 Arrives April 10,https://www.appsmith.com/blog/appsmith-news-march-2025,,Appsmith,2025-08-06T21:52:14.113752
Semantic Data Model: The Blind Spot Holding Back Your AI Agent,https://www.appsmith.com/blog/semantic-data-model-blind-spot-ai-agents,,Appsmith,2025-08-06T21:52:14.113752
"Enterprise AI Data Security: What You Need to Know About ChatGPT, Microsoft Copilot, and Other Public AI Tools",https://www.appsmith.com/blog/ai-data-security,,Appsmith,2025-08-06T21:52:14.113752
Custom Software Development in the AI Era: Hype vs. Reality,https://www.appsmith.com/blog/custom-software-development-in-the-ai-era-hype-vs-reality,,Appsmith,2025-08-06T21:52:14.113752
"AI, Integrations & IDE Upgrades 🏃 Ready to Go",https://www.appsmith.com/blog/appsmith-news-february-2025,,Appsmith,2025-08-06T21:52:14.113752
Choosing an AI Tech Stack for Your Business: A Strategic Approach,https://www.appsmith.com/blog/choosing-an-ai-tech-stack-for-your-business-a-strategic-approach,,Appsmith,2025-08-06T21:52:14.113752
Top 5 Inventory Management Tools for 2025 and How to Integrate Them in a Single App,https://www.appsmith.com/blog/top-5-inventory-management-tools,,Appsmith,2025-08-06T21:52:14.113752
Internal Tool Builder 101: Everything You Need to Know,https://www.appsmith.com/blog/a-guide-to-building-internal-tools,,Appsmith,2025-08-06T21:52:14.113752
5 Low Code Trends in 2025 Developers Need to Watch,https://www.appsmith.com/blog/five-predictions-for-low-code-2025,,Appsmith,2025-08-06T21:52:14.113752
How to Automate Refunds with Stripe API and Appsmith Workflows: A Complete Integration Guide,https://www.appsmith.com/blog/automate-stripe-refunds-with-appsmith-workflows,,Appsmith,2025-08-06T21:52:14.113752
Building an Admin Panel with Django Admin in 2025,https://www.appsmith.com/blog/building-an-admin-panel-with-django-admin,,Appsmith,2025-08-06T21:52:14.113752
"18 Best Practices to Develop Secure, Performant Web Applications with Low Code",https://www.appsmith.com/blog/low-code-buyers-guide-best-practices,,Appsmith,2025-08-06T21:52:14.113752
"Appsmith Launch Week: New year, New Applications, New Appsmith!",https://www.appsmith.com/blog/appsmith-launch-week-1,,Appsmith,2025-08-06T21:52:14.113752
15+ Best Customer Service Software Platforms for 2025 and How to Integrate Them,https://www.appsmith.com/blog/best-customer-service-software-tools-platforms,,Appsmith,2025-08-06T21:52:14.113752
Why We Think Appsmith Is the #1 Open-source Low-code Platform,https://www.appsmith.com/blog/buying-guide-why-appsmith,,Appsmith,2025-08-06T21:52:14.113752
Combining the Power of DevOps and Low-Code with Appsmith,https://www.appsmith.com/blog/self-host-and-cicd,,Appsmith,2025-08-06T21:52:14.113752
Using Low-Code Platforms to Drive Developer Efficiency,https://www.appsmith.com/blog/low-code-platforms-boost-developer-efficiency,,Appsmith,2025-08-06T21:52:14.113752
Announcing Appsmith Workflows: A Developer-First Workflow Automation Solution,https://www.appsmith.com/blog/workflows-official-release-announcement,,Appsmith,2025-08-06T21:52:14.113752
How to Choose a Low-Code Platform: A Rough Guide,https://www.appsmith.com/blog/choosing-a-low-code-platform,,Appsmith,2025-08-06T21:52:14.113752
"Appsmith WORK Announcement: LLM Data Source, Postgres Database, Workflows Open Beta, and More!",https://www.appsmith.com/blog/appsmith-work-announcement,,Appsmith,2025-08-06T21:52:14.113752
Automating GDPR Data Deletion Requests with Appsmith Workflows and Human-In-The-Loop Approvals,https://www.appsmith.com/blog/automating-gdpr-data-deletion-requests-with-appsmith-workflows,,Appsmith,2025-08-06T21:52:14.113752
The Rise of Open-Source Self-Hosted Solutions,https://www.appsmith.com/blog/rise-of-self-hosted-applications-preview,,Appsmith,2025-08-06T21:52:14.113752
Streamline Procurement Approvals with Low-Code Workflow Automation,https://www.appsmith.com/blog/procurement-approvals-low-code-automation,,Appsmith,2025-08-06T21:52:14.113752
Appsmith And The Future of Low-Code: Why I Made The Leap,https://www.appsmith.com/blog/appsmith-and-the-future-of-low-code,,Appsmith,2025-08-06T21:52:14.113752
"Performance Best Practices, PostgreSQL SSH Tunnel, AI Powered Zendesk Ticket Assistant, and More!",https://www.appsmith.com/blog/appsmith-news-august,,Appsmith,2025-08-06T21:52:14.113752
9 Essential Performance Best Practices: Turbocharge Your Appsmith Apps,https://www.appsmith.com/blog/9-essential-performance-best-practices,,Appsmith,2025-08-06T21:52:14.113752
"Automating Customer Feedback Analysis with Appsmith, Fathom, Slack, and AI",https://www.appsmith.com/blog/automate-customer-feedback-analysis,,Appsmith,2025-08-06T21:52:14.113752
"Performance Enhancements, Auto-Commit, Terraform Modules, and More!",https://www.appsmith.com/blog/appsmith-news-july,,Appsmith,2025-08-06T21:52:14.113752
Preview - The Ultimate Guide to Building a Single Customer View,https://www.appsmith.com/blog/preview-guide-single-customer-view,,Appsmith,2025-08-06T21:52:14.113752
How We're Saving $200k+/yr With Our Own Appsmith Customer Support Solution,https://www.appsmith.com/blog/aforce-customer-support-tool,,Appsmith,2025-08-06T21:52:14.113752
Automatically Generate a PDF from a Database with Appsmith,https://www.appsmith.com/blog/build-a-tool-to-generate-pdf-files-with-apitemplate-and-n8n,,Appsmith,2025-08-06T21:52:14.113752
Bootstrapping Your Own Zendesk Clone in Under an Hour Using Appsmith,https://www.appsmith.com/blog/live-coding-zendesk-clone,,Appsmith,2025-08-06T21:52:14.113752
Building a Shopify Admin Panel: A Step by Step Guide,https://www.appsmith.com/blog/building-a-shopify-admin-panel-a-step-by-step-guide,,Appsmith,2025-08-06T21:52:14.113752
"Packages and Modules in Appsmith: Share Queries, JavaScript, and Widgets across Your Apps",https://www.appsmith.com/blog/packages-and-modules,,Appsmith,2025-08-06T21:52:14.113752
"2x Faster Page Loads, IDE 2.0, Building Blocks, Packages, and More!",https://www.appsmith.com/blog/deploy-announcements,,Appsmith,2025-08-06T21:52:14.113752
Less is More: How Reusability in Appsmith Helps You Build More with Less Code,https://www.appsmith.com/blog/reusability,,Appsmith,2025-08-06T21:52:14.113752
"Enhanced Slash Menu Command, Improved Text Selection, Enhancement to Git SSH Validation, and More!",https://www.appsmith.com/blog/appsmith-news-may,,Appsmith,2025-08-06T21:52:14.113752
Appsmith DEPLOY: A Virtual Event for Efficient App Development,https://www.appsmith.com/blog/announcing-appsmith-deploy,,Appsmith,2025-08-06T21:52:14.113752
How to Build Internal Tools with AI and Low Code,https://www.appsmith.com/blog/low-code-and-ai,,Appsmith,2025-08-06T21:52:14.113752
"Revamped Tab Management, Granular Git Commit Modal, Quality Improvements, and More!",https://www.appsmith.com/blog/appsmith-news-april,,Appsmith,2025-08-06T21:52:14.113752
How to Unify All Your Customer Data in One Customer 360 Dashboard That Measures KPIs across Your Org,https://www.appsmith.com/blog/customer-dashboard-360-tutorial,,Appsmith,2025-08-06T21:52:14.113752
How We Improved our Revenue Operations with Real-Time ARR Using Appsmith,https://www.appsmith.com/blog/how-to-build-arr-dashboard-appsmith,,Appsmith,2025-08-06T21:52:14.113752
"Packages and Modules Beta, Workflows Beta, IDE 2.0 Beta, and More!",https://www.appsmith.com/blog/monthly-round-up-march-2024,,Appsmith,2025-08-06T21:52:14.113752
"Using Appsmith to Build a Customer 360 App, while Saving $20k+ per Year",https://www.appsmith.com/blog/customer-360,,Appsmith,2025-08-06T21:52:14.113752
Introducing Workflows Beta: A Developer-Focused Approach to Automating Tasks for Your Business Apps,https://www.appsmith.com/blog/announcing-workflows,,Appsmith,2025-08-06T21:52:14.113752
Take Full Control of Your Apps and Improve User Experience with Custom Widgets in Appsmith,https://www.appsmith.com/blog/announcing-custom-widgets,,Appsmith,2025-08-06T21:52:14.113752
Reusability in Your Appsmith Business Apps with Packages Beta,https://www.appsmith.com/blog/announcing-packages-and-modules,,Appsmith,2025-08-06T21:52:14.113752
"Introducing Appsmith AI, Build Migration Tools, R2 & Airtable API, Performance Enhancements, and More!",https://www.appsmith.com/blog/monthly-round-up-february-2024,,Appsmith,2025-08-06T21:52:14.113752
Get Ready for Appsmith BUILD,https://www.appsmith.com/blog/announcing-appsmith-build,,Appsmith,2025-08-06T21:52:14.113752
Driving Business Results with Appsmith AI and New AI Integrations,https://www.appsmith.com/blog/announcing-appsmith-ai,,Appsmith,2025-08-06T21:52:14.113752
Preview: Beyond the Hype - Exploring AI Use Cases that are Delivering Real Business Value,https://www.appsmith.com/blog/beyond-the-hype-ai-ebook-preview,,Appsmith,2025-08-06T21:52:14.113752
"Brand new homepage, AWS Lambda integration, a more efficient IDE, and more",https://www.appsmith.com/blog/monthly-round-up-january-2024,,Appsmith,2025-08-06T21:52:14.113752
How to Visualize and Graph Data from Your PostgreSQL/MySQL/MongoDB Database in Under Five Minutes,https://www.appsmith.com/blog/how-to-display-data-visually-from-a-database-in-under-5-minutes,,Appsmith,2025-08-06T21:52:14.113752
Secure Your Apps with Airplane to Appsmith Migration,https://www.appsmith.com/blog/airplane-to-appsmith-migration,,Appsmith,2025-08-06T21:52:14.113752
How to Build an Efficient Customer Support Experience Using Low-Code Automation,https://www.appsmith.com/blog/customer-support-with-low-code-automation,,Appsmith,2025-08-06T21:52:14.113752
Reflecting on 2023 and Looking Ahead to 2024,https://www.appsmith.com/blog/goodbye-2023-hello-2024,,Appsmith,2025-08-06T21:52:14.113752
"How to Build Complex, Sortable, Paginated, Searchable HTML Table Widgets",https://www.appsmith.com/blog/the-complete-table-widget-building-complex-tables-with-appsmith,,Appsmith,2025-08-06T21:52:14.113752
"30,000 Stars on GitHub in Three Years",https://www.appsmith.com/blog/30k-stars-on-github,,Appsmith,2025-08-06T21:52:14.113752
"Five Free Open-Source Database Managers for MySQL, PostgreSQL, and More",https://www.appsmith.com/blog/five-open-source-database-managers-to-connect-your-data,,Appsmith,2025-08-06T21:52:14.113752
Announcing Email Verification: Enhancing Appsmith Security,https://www.appsmith.com/blog/email-verification,,Appsmith,2025-08-06T21:52:14.113752
Announcing OpenAI Datasource Integration,https://www.appsmith.com/blog/announcing-openai-datasource-integration,,Appsmith,2025-08-06T21:52:14.113752
Accelerating Customer Support Automation with a Custom Single Customer View,https://www.appsmith.com/blog/accelerating-customer-support-automation,,Appsmith,2025-08-06T21:52:14.113752
Automatically Generate a CRUD App from Any Database in Just a Few Clicks,https://www.appsmith.com/blog/generate-a-crud-app-from-any-database-with-one-click,,Appsmith,2025-08-06T21:52:14.113752
"How We Reduced Our Annual Software Expenses by $80,000 Using Appsmith",https://www.appsmith.com/blog/appsmith-reduce-infrastructure-costs,,Appsmith,2025-08-06T21:52:14.113752
Git in Appsmith: A Practical Guide for Building Internal Apps with Git,https://www.appsmith.com/blog/appsmith-git-internal-tools-3,,Appsmith,2025-08-06T21:52:14.113752
A Note to Internal.io Users,https://www.appsmith.com/blog/a-note-to-internal-users,,Appsmith,2025-08-06T21:52:14.113752
Git in Appsmith: The Details behind Our Implementation,https://www.appsmith.com/blog/appsmith-git-internal-tools-2,,Appsmith,2025-08-06T21:52:14.113752
"Git in Appsmith: Every Developer Has Been Saved by Git — So, Why Isn’t it a Feature of App Platforms?",https://www.appsmith.com/blog/appsmith-git-internal-tools,,Appsmith,2025-08-06T21:52:14.113752
The Future of Intent-Driven Design,https://www.appsmith.com/blog/building-responsive-ui-tools-3,,Appsmith,2025-08-06T21:52:14.113752
The Importance of Design Thinking Early in the Development Process,https://www.appsmith.com/blog/building-responsive-ui-tools-2,,Appsmith,2025-08-06T21:52:14.113752
Building Responsive UI Tools: Everyone Keeps Making the Same Mistakes,https://www.appsmith.com/blog/building-responsive-ui-tools,,Appsmith,2025-08-06T21:52:14.113752
"Appsmith Innovate Announcements: 1-Click Upgrade, Community Portal, and Templates",https://www.appsmith.com/blog/appsmith-innovate-announcements,,Appsmith,2025-08-06T21:52:14.113752
Negating Build versus Buy Trade-Offs When Choosing Internal Tools,https://www.appsmith.com/blog/build-vs-buy-when-choosing-internal-tools,,Appsmith,2025-08-06T21:52:14.113752
How We Fixed Performance With JS Object Variable Mutation,https://www.appsmith.com/blog/js-object-variable-mutation-performance-issues,,Appsmith,2025-08-06T21:52:14.113752
How Adopting a Modular Monolithic Architecture Enables Our OSS,https://www.appsmith.com/blog/monoliths-vs-microservices-3,,Appsmith,2025-08-06T21:52:14.113752
A Tale of Two Forwarded Headers,https://www.appsmith.com/blog/forwarded-header,,Appsmith,2025-08-06T21:52:14.113752
Build Your Own Centralized UTM Manager and Tracker,https://www.appsmith.com/blog/utm-tracker,,Appsmith,2025-08-06T21:52:14.113752
How We Screwed Up Debugging (and What We're Doing About It),https://www.appsmith.com/blog/how-we-screwed-up-debugging,,Appsmith,2025-08-06T21:52:14.113752
How to Write a Great README,https://www.appsmith.com/blog/write-a-great-readme,,Appsmith,2025-08-06T21:52:14.113752
How to Integrate Appsmith with Google BigQuery,https://www.appsmith.com/blog/integrate-bigquery,,Appsmith,2025-08-06T21:52:14.113752
Announcing an Appsmith datasource connector for Oracle databases,https://www.appsmith.com/blog/announcing-an-appsmith-datasource-connector-for-oracle-databases,,Appsmith,2025-08-06T21:52:14.113752
Appsmith's Deployment Architecture,https://www.appsmith.com/blog/appsmith-deployment-architecture,,Appsmith,2025-08-06T21:52:14.113752
Our Monolith Was Making Our Engineering Lag – Here’s How We Fixed It,https://www.appsmith.com/blog/monoliths-vs-microservices-2,,Appsmith,2025-08-06T21:52:14.113752
Introducing Intent-based Auto-layouts in Appsmith,https://www.appsmith.com/blog/introducing-new-mobile-responsiveness-feature,,Appsmith,2025-08-06T21:52:14.113752
Building Mobile Responsive Apps with Intent-Driven Design,https://www.appsmith.com/blog/intent-driven-design-mobile,,Appsmith,2025-08-06T21:52:14.113752
Building a CRUD App using Box and Appsmith,https://www.appsmith.com/blog/building-a-crud-app-using-box-and-appsmith,,Appsmith,2025-08-06T21:52:14.113752
Our Journey from SaaS to OSS: Embracing the Modular Monolith over Microservices,https://www.appsmith.com/blog/monoliths-vs-microservices-1,,Appsmith,2025-08-06T21:52:14.113752
How to build a Baserow CRUD app in Appsmith,https://www.appsmith.com/blog/how-to-build-a-baserow-crud-app-in-appsmith,,Appsmith,2025-08-06T21:52:14.113752
How to Test Your Proxy Support in Docker,https://www.appsmith.com/blog/test-proxy-support,,Appsmith,2025-08-06T21:52:14.113752
Our Shift to Usage-Based Pricing,https://www.appsmith.com/blog/usage-based-pricing,,Appsmith,2025-08-06T21:52:14.113752
Appsmith Business: For teams who need more for their internal tools,https://www.appsmith.com/blog/appsmith-business-for-teams-who-need-more-for-their-internal-tools,,Appsmith,2025-08-06T21:52:14.113752
How We Built Custom JavaScript Libraries For Appsmith — Insights From Our Dev Team,https://www.appsmith.com/blog/how-we-built-custom-js-libraries,,Appsmith,2025-08-06T21:52:14.113752
Advice for Backend Developers Building Internal Tools,https://www.appsmith.com/blog/advice-for-backend-developers-building-internal-tools,,Appsmith,2025-08-06T21:52:14.113752
